id,class,gearScore,dps,percent,date,duration,dead,weird
0,Full Bloom,1633.3299560546875,723625,0.4,1714624352784,1340188,False,True
0,Esoteric Skill Enhancement,1635.0,40265934,24.8,1714624352784,1340188,False,True
0,Lone Knight,1635.0,24322534,15.0,1714624352784,1340188,False,True
0,Princess Maker,1640.0,972757,0.6,1714624352784,1340188,False,True
0,Asura's Path,1638.3299560546875,38315344,23.6,1714624352784,1340188,False,True
0,Desperate Salvation,1634.1600341796875,763363,0.5,1714624352784,1340188,False,True
0,Surge,1640.8299560546875,28494816,17.5,1714624352784,1340188,True,True
0,Death Strike,1637.5,28506676,17.6,1714624352784,1340188,False,True
1,Remaining Energy,1637.5,27771064,18.0,1714607341942,1404195,True,False
1,Asura's Path,1630.0,17935135,11.6,1714607341942,1404195,False,False
1,Full Bloom,1642.5,610404,0.4,1714607341942,1404195,True,False
1,Peacemaker,1641.6600341796875,25234238,16.4,1714607341942,1404195,False,False
1,Punisher,1641.6600341796875,22038493,14.3,1714607341942,1404195,True,False
1,Shock Training,1641.6600341796875,35200359,22.9,1714607341942,1404195,False,False
1,Combat Readiness,1635.0,24617832,16.0,1714607341942,1404195,False,False
1,Full Bloom,1634.1600341796875,620342,0.4,1714607341942,1404195,False,False
2,Enhanced Weapon,1630.0,24068889,13.3,1714591513683,1216483,True,False
2,Desperate Salvation,1630.8299560546875,890293,0.5,1714591513683,1216483,True,False
2,Order of the Emperor,1635.0,25268030,13.9,1714591513683,1216483,True,False
2,Predator,1630.0,31274009,17.2,1714591513683,1216483,False,False
2,Full Bloom,1635.0,642428,0.4,1714591513683,1216483,False,False
2,Predator,1640.0,33001909,18.2,1714591513683,1216483,False,False
2,First Intention,1635.0,37391279,20.6,1714591513683,1216483,False,False
2,Surge,1633.3299560546875,28941601,15.9,1714591513683,1216483,False,False
3,Desperate Salvation,1630.0,597715,0.4,1714544166837,1494269,False,False
3,Desperate Salvation,1633.3299560546875,255650,0.2,1714544166837,1494269,False,False
3,Surge,1633.3299560546875,28373389,19.3,1714544166837,1494269,False,False
3,Lone Knight,1633.3299560546875,22618294,15.4,1714544166837,1494269,False,False
3,Peacemaker,1640.0,14941627,10.2,1714544166837,1494269,True,False
3,Perfect Suppression,1630.0,20926152,14.3,1714544166837,1494269,False,False
3,Full Moon Harvester,1635.8299560546875,30023534,20.5,1714544166837,1494269,False,False
3,Full Moon Harvester,1635.0,28981153,19.8,1714544166837,1494269,False,False
4,Desperate Salvation,1632.5,643781,0.4,1714543266813,1486217,False,False
4,Desperate Salvation,1633.3299560546875,642534,0.4,1714543266813,1486217,False,False
4,Pistoleer,1631.6600341796875,23736171,15.7,1714543266813,1486217,False,False
4,Pinnacle,1635.0,24626243,16.3,1714543266813,1486217,False,False
4,Lone Knight,1632.5,16345343,10.8,1714543266813,1486217,False,False
4,Lunar Voice,1650.0,32389763,21.4,1714543266813,1486217,False,False
4,Shock Training,1633.3299560546875,25433211,16.8,1714543266813,1486217,False,False
4,Predator,1633.3299560546875,27514165,18.2,1714543266813,1486217,True,False
5,Desperate Salvation,1631.6600341796875,572832,0.4,1714539300950,1488113,False,False
5,Asura's Path,1639.1600341796875,24377675,16.7,1714539300950,1488113,False,False
5,Desperate Salvation,1630.0,564533,0.4,1714539300950,1488113,False,False
5,Peacemaker,1640.0,25254853,17.3,1714539300950,1488113,False,False
5,Arthetinean Skill,1640.0,18812210,12.9,1714539300950,1488113,True,False
5,Shock Training,1637.5,27797458,19.1,1714539300950,1488113,False,False
5,Predator,1636.6600341796875,22450037,15.4,1714539300950,1488113,False,False
5,Igniter,1640.8299560546875,25891853,17.8,1714539300950,1488113,False,False
6,Desperate Salvation,1636.6600341796875,619384,0.4,1714511133431,1514932,False,False
6,Desperate Salvation,1630.0,606479,0.4,1714511133431,1514932,False,False
6,Pinnacle,1633.3299560546875,21055886,14.3,1714511133431,1514932,False,False
6,Pinnacle,1633.3299560546875,20717078,14.1,1714511133431,1514932,False,False
6,Peacemaker,1633.3299560546875,26652246,18.1,1714511133431,1514932,False,False
6,Peacemaker,1640.0,24328056,16.6,1714511133431,1514932,False,False
6,Igniter,1635.0,27413110,18.7,1714511133431,1514932,False,False
6,Night's Edge,1641.6600341796875,25511145,17.4,1714511133431,1514932,False,False
7,Desperate Salvation,1633.3299560546875,557869,0.4,1714429924645,1547610,False,False
7,Enhanced Weapon,1650.0,26311409,17.9,1714429924645,1547610,False,False
7,Blessed Aura,1636.6600341796875,554506,0.4,1714429924645,1547610,False,False
7,Hunger,1636.6600341796875,24361222,16.6,1714429924645,1547610,False,False
7,Night's Edge,1642.5,27928786,19.0,1714429924645,1547610,False,False
7,Full Moon Harvester,1633.3299560546875,23860520,16.2,1714429924645,1547610,False,False
7,Esoteric Skill Enhancement,1633.3299560546875,21701679,14.8,1714429924645,1547610,False,False
7,First Intention,1631.6600341796875,21640835,14.7,1714429924645,1547610,False,False
8,Desperate Salvation,1633.3299560546875,647981,0.5,1714417478412,1557538,False,False
8,Mayhem,1641.6600341796875,24176712,17.3,1714417478412,1557538,False,False
8,Pistoleer,1633.3299560546875,23417813,16.8,1714417478412,1557538,False,False
8,Blessed Aura,1635.0,671513,0.5,1714417478412,1557538,False,False
8,Predator,1632.5,15317108,11.0,1714417478412,1557538,True,False
8,Igniter,1633.3299560546875,27859678,20.0,1714417478412,1557538,False,False
8,Igniter,1633.3299560546875,24062368,17.2,1714417478412,1557538,False,False
8,Deathblow,1633.3299560546875,23430869,16.8,1714417478412,1557538,False,False
9,Desperate Salvation,1632.5,630981,0.4,1714371813124,1386415,False,False
9,Lone Knight,1631.6600341796875,15571552,9.8,1714371813124,1386415,False,False
9,Peacemaker,1640.0,23578843,14.8,1714371813124,1386415,False,False
9,Desperate Salvation,1635.0,623110,0.4,1714371813124,1386415,False,False
9,Predator,1650.0,27325363,17.2,1714371813124,1386415,True,False
9,Igniter,1641.6600341796875,31908918,20.0,1714371813124,1386415,False,False
9,Night's Edge,1639.1600341796875,29946629,18.8,1714371813124,1386415,False,False
9,Night's Edge,1640.0,29593619,18.6,1714371813124,1386415,False,False
10,Empress's Grace,1635.8299560546875,23343545,17.0,1714370303171,1614335,False,False
10,Desperate Salvation,1630.0,706397,0.5,1714370303171,1614335,False,False
10,Enhanced Weapon,1633.3299560546875,21226526,15.5,1714370303171,1614335,False,False
10,Surge,1640.0,26224002,19.1,1714370303171,1614335,False,False
10,Combat Readiness,1633.3299560546875,19147613,14.0,1714370303171,1614335,False,False
10,Blessed Aura,1630.0,562575,0.4,1714370303171,1614335,False,False
10,Predator,1633.3299560546875,22897345,16.7,1714370303171,1614335,False,False
10,First Intention,1630.8299560546875,23100184,16.8,1714370303171,1614335,False,False
11,Full Bloom,1634.1600341796875,605969,0.4,1714333324542,1511998,False,False
11,Desperate Salvation,1635.0,600415,0.4,1714333324542,1511998,False,False
11,Remaining Energy,1633.3299560546875,18297432,12.7,1714333324542,1511998,True,False
11,Lone Knight,1635.8299560546875,19158265,13.3,1714333324542,1511998,False,False
11,Hunger,1633.3299560546875,24856313,17.2,1714333324542,1511998,True,False
11,Ultimate Skill: Taijutsu,1632.5,23849431,16.5,1714333324542,1511998,False,False
11,Igniter,1635.0,27972249,19.4,1714333324542,1511998,False,False
11,Esoteric Skill Enhancement,1638.3299560546875,29090152,20.1,1714333324542,1511998,False,False
12,Mayhem,1645.8299560546875,25333084,18.8,1714332852650,1637770,False,False
12,Predator,1632.5,21700461,16.1,1714332852650,1637770,False,False
12,Mayhem,1633.3299560546875,24367001,18.1,1714332852650,1637770,False,False
12,Blessed Aura,1633.3299560546875,522978,0.4,1714332852650,1637770,False,False
12,Igniter,1646.6600341796875,22513229,16.7,1714332852650,1637770,False,False
12,First Intention,1645.8299560546875,17908332,13.3,1714332852650,1637770,True,False
12,Desperate Salvation,1650.0,626949,0.5,1714332852650,1637770,False,False
12,Night's Edge,1632.5,21575208,16.0,1714332852650,1637770,False,False
13,Desperate Salvation,1633.3299560546875,733405,0.5,1714278556272,1520020,False,False
13,Berserker's Technique,1635.0,26035148,18.2,1714278556272,1520020,False,False
13,Mayhem,1633.3299560546875,16585321,11.6,1714278556272,1520020,True,False
13,Rage Hammer,1630.0,21014264,14.7,1714278556272,1520020,False,False
13,Peacemaker,1637.5,29423478,20.6,1714278556272,1520020,False,False
13,Blessed Aura,1637.5,664476,0.5,1714278556272,1520020,False,False
13,Hunger,1637.5,25419635,17.8,1714278556272,1520020,False,False
13,Predator,1631.6600341796875,23094097,16.2,1714278556272,1520020,False,False
14,Full Bloom,1633.3299560546875,605598,0.4,1714219231407,1526893,False,False
14,Enhanced Weapon,1635.0,24663724,17.3,1714219231407,1526893,False,False
14,Remaining Energy,1640.0,29598091,20.8,1714219231407,1526893,False,False
14,Lone Knight,1637.5,14830790,10.4,1714219231407,1526893,False,False
14,Peacemaker,1636.6600341796875,15343344,10.8,1714219231407,1526893,True,False
14,Blessed Aura,1635.0,585873,0.4,1714219231407,1526893,False,False
14,Perfect Suppression,1650.0,24140133,16.9,1714219231407,1526893,False,False
14,Igniter,1655.0,32706503,23.0,1714219231407,1526893,False,False
15,Full Bloom,1633.3299560546875,396324,0.3,1713924545033,1529469,False,False
15,Desperate Salvation,1633.3299560546875,267707,0.2,1713924545033,1529469,False,False
15,Enhanced Weapon,1632.5,15931662,11.1,1713924545033,1529469,True,False
15,Surge,1636.6600341796875,29826267,20.8,1713924545033,1529469,False,False
15,Remaining Energy,1635.0,26063079,18.2,1713924545033,1529469,False,False
15,Reflux,1636.6600341796875,28191664,19.7,1713924545033,1529469,False,False
15,Night's Edge,1633.3299560546875,20675335,14.4,1713924545033,1529469,False,False
15,Esoteric Skill Enhancement,1633.3299560546875,22026164,15.4,1713924545033,1529469,False,False
16,Full Bloom,1634.1600341796875,415591,0.3,1713842189961,1462764,False,False
16,Desperate Salvation,1636.6600341796875,445458,0.3,1713842189961,1462764,False,False
16,Surge,1640.0,36232061,23.7,1713842189961,1462764,False,False
16,Pinnacle,1635.8299560546875,24179245,15.8,1713842189961,1462764,False,False
16,Peacemaker,1635.0,20263849,13.3,1713842189961,1462764,False,False
16,Predator,1635.8299560546875,17310696,11.3,1713842189961,1462764,True,False
16,Night's Edge,1641.6600341796875,25395237,16.6,1713842189961,1462764,False,False
16,Esoteric Skill Enhancement,1637.5,28354906,18.6,1713842189961,1462764,False,False
17,Reflux,0.0,0,0.0,1715013192680,1575755,True,False
17,Predator,1641.6600341796875,28397164,20.1,1715013192680,1575755,False,False
17,Desperate Salvation,1633.3299560546875,707649,0.5,1715013192680,1575755,False,False
17,Asura's Path,1632.5,34273001,24.3,1715013192680,1575755,False,False
17,Lone Knight,1631.6600341796875,17951134,12.7,1715013192680,1575755,False,False
17,Desperate Salvation,1634.1600341796875,723710,0.5,1715013192680,1575755,False,False
17,Peacemaker,1635.0,27088225,19.2,1715013192680,1575755,False,False
17,Surge,1635.0,31982653,22.7,1715013192680,1575755,False,False
18,First Intention,1635.0,20971673,14.7,1715003487596,1553066,False,False
18,Lone Knight,1632.5,16281145,11.4,1715003487596,1553066,False,False
18,Desperate Salvation,1636.6600341796875,682831,0.5,1715003487596,1553066,False,False
18,Igniter,1634.1600341796875,30231680,21.2,1715003487596,1553066,False,False
18,Surge,1634.1600341796875,27544381,19.3,1715003487596,1553066,True,False
18,Lunar Voice,1633.3299560546875,23855837,16.7,1715003487596,1553066,False,False
18,Hunger,1633.3299560546875,22766584,15.9,1715003487596,1553066,False,False
18,Desperate Salvation,1632.5,586169,0.4,1715003487596,1553066,False,False
19,Surge,1633.3299560546875,18557348,11.8,1714973454170,1404081,True,False
19,Desperate Salvation,1630.0,262323,0.2,1714973454170,1404081,False,False
19,Night's Edge,1630.0,31154357,19.8,1714973454170,1404081,False,False
19,Reflux,1635.0,33119833,21.0,1714973454170,1404081,False,False
19,Full Moon Harvester,1633.3299560546875,17390816,11.0,1714973454170,1404081,True,False
19,Peacemaker,1634.1600341796875,26518649,16.8,1714973454170,1404081,False,False
19,Desperate Salvation,1630.0,716445,0.5,1714973454170,1404081,False,False
19,Igniter,1637.5,29786987,18.9,1714973454170,1404081,False,False
20,Desperate Salvation,1635.8299560546875,656898,0.5,1714946665225,1564329,False,False
20,Desperate Salvation,1632.5,613103,0.4,1714946665225,1564329,False,False
20,Pistoleer,1635.8299560546875,17415038,12.4,1714946665225,1564329,True,False
20,Surge,1633.3299560546875,24481642,17.5,1714946665225,1564329,False,False
20,Combat Readiness,1632.5,17655181,12.6,1714946665225,1564329,False,False
20,Igniter,1633.3299560546875,32002597,22.9,1714946665225,1564329,False,False
20,Esoteric Skill Enhancement,1633.3299560546875,23927767,17.1,1714946665225,1564329,True,False
20,First Intention,1633.3299560546875,23280658,16.6,1714946665225,1564329,False,False
21,Order of the Emperor,1633.3299560546875,22882995,16.1,1714944117382,1550065,False,False
21,Desperate Salvation,1645.0,568614,0.4,1714944117382,1550065,False,False
21,Desperate Salvation,1633.3299560546875,565370,0.4,1714944117382,1550065,False,False
21,Asura's Path,1637.5,23092335,16.3,1714944117382,1550065,True,False
21,Surge,1637.5,22453149,15.8,1714944117382,1550065,False,False
21,Peacemaker,1635.0,22528897,15.9,1714944117382,1550065,False,False
21,Predator,1640.0,23587592,16.6,1714944117382,1550065,False,False
21,First Intention,1639.1600341796875,26070374,18.4,1714944117382,1550065,False,False
22,Wind Fury,1633.3299560546875,20897710,13.1,1714892524521,1423202,False,False
22,Full Bloom,1630.8299560546875,624535,0.4,1714892524521,1423202,False,False
22,Desperate Salvation,1631.6600341796875,664736,0.4,1714892524521,1423202,False,False
22,Pinnacle,1637.5,32621560,20.4,1714892524521,1423202,False,False
22,Lone Knight,1632.5,15430822,9.7,1714892524521,1423202,False,False
22,Peacemaker,1634.1600341796875,24275194,15.2,1714892524521,1423202,False,False
22,Death Strike,1630.0,37792304,23.6,1714892524521,1423202,False,False
22,Igniter,1640.0,27527138,17.2,1714892524521,1423202,False,False
23,Order of the Emperor,1635.8299560546875,24571242,17.6,1714878992151,1593893,False,False
23,Empress's Grace,1635.0,18123981,13.0,1714878992151,1593893,False,False
23,Full Bloom,1634.1600341796875,651452,0.5,1714878992151,1593893,False,False
23,Full Bloom,1633.3299560546875,562989,0.4,1714878992151,1593893,True,False
23,Peacemaker,1635.8299560546875,24710645,17.7,1714878992151,1593893,False,False
23,Hunger,1636.6600341796875,27979096,20.1,1714878992151,1593893,False,False
23,Reflux,1639.1600341796875,20610576,14.8,1714878992151,1593893,False,False
23,Master Summoner,1630.0,22271089,16.0,1714878992151,1593893,False,False
24,Ultimate Skill: Taijutsu,1635.0,28302136,16.9,1714862899976,776237,False,False
24,Hunger,1641.6600341796875,34825533,20.8,1714862899976,776237,False,False
24,Lone Knight,1630.0,17630685,10.5,1714862899976,776237,False,False
24,Desperate Salvation,1655.0,838767,0.5,1714862899976,776237,False,False
24,Surge,1635.0,24191754,14.4,1714862899976,776237,False,False
24,Full Moon Harvester,1633.3299560546875,31851098,19.0,1714862899976,776237,True,False
24,Full Bloom,1630.0,729999,0.4,1714862899976,776237,False,False
24,First Intention,1633.3299560546875,29319728,17.5,1714862899976,776237,False,False
25,Desperate Salvation,1630.0,622256,0.4,1714810091757,1381117,False,False
25,Desperate Salvation,1630.0,621672,0.4,1714810091757,1381117,False,False
25,Asura's Path,1630.8299560546875,23099152,14.2,1714810091757,1381117,False,False
25,Surge,1634.1600341796875,31666138,19.5,1714810091757,1381117,False,False
25,Lone Knight,1633.3299560546875,23229159,14.3,1714810091757,1381117,False,False
25,Perfect Suppression,1630.0,21381842,13.1,1714810091757,1381117,False,False
25,Full Moon Harvester,1635.8299560546875,32496919,20.0,1714810091757,1381117,True,False
25,Full Moon Harvester,1635.8299560546875,29575562,18.2,1714810091757,1381117,False,False
26,Lone Knight,1631.6600341796875,21066140,13.1,1714807032039,1412804,False,False
26,Esoteric Skill Enhancement,1630.0,25224374,15.7,1714807032039,1412804,False,False
26,Asura's Path,1633.3299560546875,23614354,14.7,1714807032039,1412804,False,False
26,Desperate Salvation,1641.6600341796875,727963,0.5,1714807032039,1412804,False,False
26,Arthetinean Skill,1630.0,20038667,12.5,1714807032039,1412804,False,False
26,Surge,1640.0,45188583,28.2,1714807032039,1412804,False,False
26,Ultimate Skill: Taijutsu,1631.6600341796875,23712007,14.8,1714807032039,1412804,False,False
26,Full Bloom,1635.0,656906,0.4,1714807032039,1412804,False,False
27,Order of the Emperor,1633.3299560546875,26906890,19.2,1714804306711,1554122,False,False
27,Empress's Grace,1630.8299560546875,23028178,16.4,1714804306711,1554122,False,False
27,Desperate Salvation,1633.3299560546875,610518,0.4,1714804306711,1554122,False,False
27,Desperate Salvation,1630.0,570484,0.4,1714804306711,1554122,False,False
27,Enhanced Weapon,1630.0,21955675,15.6,1714804306711,1554122,False,False
27,Punisher,1635.0,13044610,9.3,1714804306711,1554122,True,False
27,Reflux,1633.3299560546875,22852016,16.3,1714804306711,1554122,True,False
27,Night's Edge,1637.5,31468002,22.4,1714804306711,1554122,False,False
28,Desperate Salvation,1635.0,634602,0.4,1714789714917,1528860,False,False
28,Igniter,1647.5,32736814,23.0,1714789714917,1528860,False,False
28,Peacemaker,1630.0,24010587,16.9,1714789714917,1528860,False,False
28,Blessed Aura,1630.0,607855,0.4,1714789714917,1528860,False,False
28,Combat Readiness,1639.1600341796875,24481758,17.2,1714789714917,1528860,False,False
28,Predator,1640.0,24441676,17.2,1714789714917,1528860,False,False
28,Combat Readiness,1633.3299560546875,19736403,13.9,1714789714917,1528860,False,False
28,First Intention,1631.6600341796875,15750762,11.1,1714789714917,1528860,True,False
29,Rage Hammer,1630.0,22775449,16.3,1714783545255,1587090,False,False
29,Predator,1633.3299560546875,22545169,16.1,1714783545255,1587090,False,False
29,Esoteric Skill Enhancement,1632.5,26317963,18.8,1714783545255,1587090,False,False
29,Blessed Aura,1630.0,536990,0.4,1714783545255,1587090,False,False
29,Berserker's Technique,1635.0,26311115,18.8,1714783545255,1587090,False,False
29,Order of the Emperor,1635.0,19658930,14.0,1714783545255,1587090,False,False
29,Full Moon Harvester,1633.3299560546875,21236035,15.2,1714783545255,1587090,False,False
29,Desperate Salvation,1633.3299560546875,692602,0.5,1714783545255,1587090,False,False
30,Igniter,1633.3299560546875,15025755,10.9,1714746120644,1574968,True,False
30,Peacemaker,1637.5,27058228,19.6,1714746120644,1574968,False,False
30,Desperate Salvation,1633.3299560546875,695288,0.5,1714746120644,1574968,False,False
30,Rage Hammer,1630.8299560546875,23697051,17.2,1714746120644,1574968,False,False
30,Order of the Emperor,1630.0,21896767,15.9,1714746120644,1574968,False,False
30,Full Bloom,1630.0,642618,0.5,1714746120644,1574968,False,False
30,Asura's Path,1633.3299560546875,25549672,18.5,1714746120644,1574968,True,False
30,Predator,1635.0,23527022,17.0,1714746120644,1574968,False,False
31,Lunar Voice,1633.3299560546875,21611981,15.8,1715063231406,1594498,True,False
31,Predator,1633.3299560546875,23181889,17.0,1715063231406,1594498,False,False
31,Desperate Salvation,1630.8299560546875,568493,0.4,1715063231406,1594498,False,False
31,Blessed Aura,1640.8299560546875,600178,0.4,1715063231406,1594498,True,False
31,Order of the Emperor,1637.5,21650239,15.8,1715063231406,1594498,False,False
31,Wind Fury,1637.5,20694919,15.2,1715063231406,1594498,False,False
31,Master Summoner,1630.0,28412330,20.8,1715063231406,1594498,False,False
31,Peacemaker,1633.3299560546875,19879422,14.6,1715063231406,1594498,True,False
32,Desperate Salvation,1632.5,680690,0.4,1714628649078,1369246,False,False
32,Desperate Salvation,1641.6600341796875,614655,0.4,1714628649078,1369246,False,False
32,Surge,1634.1600341796875,23266956,14.2,1714628649078,1369246,False,False
32,Peacemaker,1640.8299560546875,28268478,17.3,1714628649078,1369246,False,False
32,Lunar Voice,1639.1600341796875,31117433,19.1,1714628649078,1369246,False,False
32,Full Moon Harvester,1630.0,23015365,14.1,1714628649078,1369246,False,False
32,Energy Overflow,1637.5,31536970,19.3,1714628649078,1369246,False,False
32,Esoteric Skill Enhancement,1634.1600341796875,24791936,15.2,1714628649078,1369246,True,False
33,Order of the Emperor,1635.0,24999823,16.8,1714623973152,1477132,False,False
33,Order of the Emperor,1630.8299560546875,23292010,15.7,1714623973152,1477132,False,False
33,Barrage Enhancement,1632.5,26311234,17.7,1714623973152,1477132,False,False
33,Desperate Salvation,1630.8299560546875,614367,0.4,1714623973152,1477132,False,False
33,Desperate Salvation,1630.0,607750,0.4,1714623973152,1477132,False,False
33,Surge,1638.3299560546875,17618536,11.9,1714623973152,1477132,True,False
33,Igniter,1636.6600341796875,29322251,19.7,1714623973152,1477132,False,False
33,Full Moon Harvester,1642.5,25904533,17.4,1714623973152,1477132,False,False
34,Order of the Emperor,1633.3299560546875,24002168,15.7,1714537851055,1443432,False,False
34,Barrage Enhancement,1631.6600341796875,25946977,17.0,1714537851055,1443432,False,False
34,Desperate Salvation,1630.0,645497,0.4,1714537851055,1443432,False,False
34,Desperate Salvation,1630.8299560546875,644812,0.4,1714537851055,1443432,False,False
34,Surge,1638.3299560546875,24229313,15.8,1714537851055,1443432,False,False
34,Surge,1630.8299560546875,18313403,12.0,1714537851055,1443432,True,False
34,Igniter,1636.6600341796875,30971456,20.2,1714537851055,1443432,False,False
34,Full Moon Harvester,1642.5,28288698,18.5,1714537851055,1443432,False,False
35,Full Bloom,1630.8299560546875,551040,0.5,1714443525929,1788308,False,False
35,Desperate Salvation,1630.0,173158,0.1,1714443525929,1788308,False,False
35,Surge,1631.6600341796875,22813114,18.7,1714443525929,1788308,False,False
35,Ultimate Skill: Taijutsu,1633.3299560546875,18610044,15.2,1714443525929,1788308,False,False
35,Death Strike,1645.0,22621691,18.5,1714443525929,1788308,False,False
35,Death Strike,1635.8299560546875,19795204,16.2,1714443525929,1788308,False,False
35,Energy Overflow,1640.0,19628169,16.1,1714443525929,1788308,False,False
35,First Intention,1632.5,17897617,14.7,1714443525929,1788308,False,False
36,Desperate Salvation,1631.6600341796875,599308,0.4,1714353526558,1600571,False,False
36,Full Bloom,1630.8299560546875,600020,0.4,1714353526558,1600571,False,False
36,Pinnacle,1636.6600341796875,28893376,20.8,1714353526558,1600571,False,False
36,Lone Knight,1632.5,13377255,9.6,1714353526558,1600571,False,False
36,Peacemaker,1632.5,20221717,14.5,1714353526558,1600571,False,False
36,Death Strike,1630.0,31627134,22.7,1714353526558,1600571,False,False
36,Igniter,1640.0,22886736,16.5,1714353526558,1600571,True,False
36,Robust Spirit,1633.3299560546875,20910495,15.0,1714353526558,1600571,False,False
37,Barrage Enhancement,1633.3299560546875,22860686,16.6,1714321814176,1576040,False,False
37,Desperate Salvation,1635.0,657395,0.5,1714321814176,1576040,False,False
37,Enhanced Weapon,1632.5,25674607,18.6,1714321814176,1576040,False,False
37,Lone Knight,1635.0,17746241,12.9,1714321814176,1576040,False,False
37,Peacemaker,1637.5,17063832,12.4,1714321814176,1576040,True,False
37,Evolutionary Legacy,1633.3299560546875,25198524,18.3,1714321814176,1576040,False,False
37,Blessed Aura,1634.1600341796875,577827,0.4,1714321814176,1576040,False,False
37,Predator,1631.6600341796875,28031278,20.3,1714321814176,1576040,False,False
38,Empress's Grace,1630.8299560546875,23805366,15.8,1714300481271,1469272,True,False
38,Desperate Salvation,1632.5,643211,0.4,1714300481271,1469272,False,False
38,Desperate Salvation,1641.6600341796875,589776,0.4,1714300481271,1469272,False,False
38,Peacemaker,1640.8299560546875,25479410,16.9,1714300481271,1469272,False,False
38,Lunar Voice,1637.5,24767378,16.4,1714300481271,1469272,False,False
38,Night's Edge,1631.6600341796875,31898840,21.1,1714300481271,1469272,False,False
38,Full Moon Harvester,1632.5,16645107,11.0,1714300481271,1469272,True,False
38,Energy Overflow,1637.5,27125848,18.0,1714300481271,1469272,False,False
39,Desperate Salvation,1635.0,536449,0.4,1714262182437,1646156,False,False
39,Desperate Salvation,1640.0,524975,0.4,1714262182437,1646156,False,False
39,Surge,1642.5,24800351,18.4,1714262182437,1646156,False,False
39,Control,1643.3299560546875,23217846,17.2,1714262182437,1646156,False,False
39,Lone Knight,1631.6600341796875,14243713,10.6,1714262182437,1646156,False,False
39,Night's Edge,1643.3299560546875,25952798,19.2,1714262182437,1646156,False,False
39,Energy Overflow,1635.0,20391509,15.1,1714262182437,1646156,False,False
39,Esoteric Skill Enhancement,1632.5,25287031,18.7,1714262182437,1646156,False,False
40,Barrage Enhancement,1637.5,22659693,16.2,1715052648018,1550869,False,False
40,Desperate Salvation,1637.5,639255,0.5,1715052648018,1550869,False,False
40,Desperate Salvation,1630.0,598899,0.4,1715052648018,1550869,False,False
40,Mayhem,1633.3299560546875,23290420,16.6,1715052648018,1550869,False,False
40,Rage Hammer,1636.6600341796875,17076856,12.2,1715052648018,1550869,True,False
40,Predator,1648.3299560546875,29603630,21.1,1715052648018,1550869,False,False
40,Predator,1635.0,25044304,17.9,1715052648018,1550869,False,False
40,Deathblow,1635.0,21084994,15.1,1715052648018,1550869,False,False
41,Demonic Impulse,1635.0,26506118,16.1,1715006301891,1355087,False,False
41,Ultimate Skill: Taijutsu,1645.8299560546875,32239607,19.6,1715006301891,1355087,False,False
41,Enhanced Weapon,1633.3299560546875,27688936,16.9,1715006301891,1355087,False,False
41,Death Strike,1649.1600341796875,27086564,16.5,1715006301891,1355087,False,False
41,Desperate Salvation,1633.3299560546875,614570,0.4,1715006301891,1355087,False,False
41,Full Bloom,1632.5,618672,0.4,1715006301891,1355087,False,False
41,Barrage Enhancement,1640.0,25118677,15.3,1715006301891,1355087,False,False
41,Pinnacle,1637.5,24436925,14.9,1715006301891,1355087,False,False
42,Order of the Emperor,1630.0,24952334,17.9,1714981110342,1594310,False,False
42,Barrage Enhancement,1633.3299560546875,19756567,14.2,1714981110342,1594310,False,False
42,Desperate Salvation,1631.6600341796875,557019,0.4,1714981110342,1594310,False,False
42,Desperate Salvation,1632.5,551464,0.4,1714981110342,1594310,False,False
42,Peacemaker,1640.0,23552899,16.9,1714981110342,1594310,False,False
42,Arthetinean Skill,1640.0,24726822,17.8,1714981110342,1594310,False,False
42,Predator,1635.8299560546875,18571058,13.3,1714981110342,1594310,False,False
42,Igniter,1640.8299560546875,26487090,19.0,1714981110342,1594310,False,False
43,Barrage Enhancement,1633.3299560546875,20612561,14.7,1714909888527,1589432,False,False
43,Desperate Salvation,1635.0,591807,0.4,1714909888527,1589432,False,False
43,Enhanced Weapon,1632.5,26895941,19.2,1714909888527,1589432,False,False
43,Lone Knight,1635.0,17565796,12.5,1714909888527,1589432,False,False
43,Peacemaker,1637.5,25265381,18.0,1714909888527,1589432,False,False
43,Evolutionary Legacy,1633.3299560546875,22304553,15.9,1714909888527,1589432,False,False
43,Blessed Aura,1634.1600341796875,543331,0.4,1714909888527,1589432,False,False
43,Predator,1631.6600341796875,26647685,19.0,1714909888527,1589432,False,False
44,Barrage Enhancement,1635.0,26717489,17.6,1714851565826,1458544,False,False
44,Desperate Salvation,1630.8299560546875,740785,0.5,1714851565826,1458544,False,False
44,Pinnacle,1635.0,16941255,11.1,1714851565826,1458544,True,False
44,Peacemaker,1633.3299560546875,21448503,14.1,1714851565826,1458544,False,False
44,Blessed Aura,1633.3299560546875,601953,0.4,1714851565826,1458544,False,False
44,Lunar Voice,1640.0,34911809,22.9,1714851565826,1458544,False,False
44,Demonic Impulse,1636.6600341796875,25195057,16.6,1714851565826,1458544,False,False
44,Master Summoner,1634.1600341796875,25643614,16.8,1714851565826,1458544,False,False
45,Desperate Salvation,1630.0,694406,0.5,1714794325866,1510564,False,False
45,Desperate Salvation,1630.8299560546875,641193,0.4,1714794325866,1510564,False,False
45,Mayhem,1633.3299560546875,23396784,16.2,1714794325866,1510564,False,False
45,Surge,1645.0,27370743,19.0,1714794325866,1510564,False,False
45,Lone Knight,1635.0,19167294,13.3,1714794325866,1510564,False,False
45,Master Summoner,1650.0,30823888,21.4,1714794325866,1510564,True,False
45,Energy Overflow,1633.3299560546875,20211488,14.0,1714794325866,1510564,False,False
45,Esoteric Skill Enhancement,1633.3299560546875,21889692,15.2,1714794325866,1510564,False,False
46,Desperate Salvation,1640.8299560546875,638336,0.4,1714793751404,1473993,False,False
46,Desperate Salvation,1635.0,624366,0.4,1714793751404,1473993,False,False
46,Surge,1643.3299560546875,30740307,20.8,1714793751404,1473993,False,False
46,Lone Knight,1631.6600341796875,16805411,11.4,1714793751404,1473993,False,False
46,Peacemaker,1640.0,17686916,12.0,1714793751404,1473993,True,False
46,Night's Edge,1643.3299560546875,31123437,21.1,1714793751404,1473993,True,False
46,Energy Overflow,1635.0,20950183,14.2,1714793751404,1473993,False,False
46,Esoteric Skill Enhancement,1633.3299560546875,28987416,19.6,1714793751404,1473993,False,False
47,Full Bloom,1630.8299560546875,596986,0.4,1714787706794,1524747,False,False
47,Desperate Salvation,1630.0,563975,0.4,1714787706794,1524747,False,False
47,Surge,1631.6600341796875,27459322,18.8,1714787706794,1524747,False,False
47,Ultimate Skill: Taijutsu,1633.3299560546875,23311275,16.0,1714787706794,1524747,False,False
47,Death Strike,1645.0,24768263,17.0,1714787706794,1524747,False,False
47,Death Strike,1635.8299560546875,23626928,16.2,1714787706794,1524747,False,False
47,Energy Overflow,1640.0,22746016,15.6,1714787706794,1524747,False,False
47,First Intention,1632.5,22788243,15.6,1714787706794,1524747,False,False
48,Mayhem,1645.8299560546875,18982483,12.9,1714765975582,1511032,True,False
48,Energy Overflow,1633.3299560546875,24933741,16.9,1714765975582,1511032,False,False
48,Predator,1631.6600341796875,25452662,17.3,1714765975582,1511032,False,False
48,Mayhem,1633.3299560546875,27585939,18.7,1714765975582,1511032,False,False
48,Blessed Aura,1637.5,648920,0.4,1714765975582,1511032,False,False
48,Night's Edge,1634.1600341796875,26073521,17.7,1714765975582,1511032,False,False
48,Desperate Salvation,1630.0,594338,0.4,1714765975582,1511032,False,False
48,Peacemaker,1637.5,22990784,15.6,1714765975582,1511032,True,False
49,Full Bloom,1630.0,540640,0.4,1715059398153,1728608,False,False
49,Lone Knight,1630.0,13195647,10.4,1715059398153,1728608,False,False
49,Control,1635.0,21298607,16.8,1715059398153,1728608,False,False
49,Energy Overflow,1630.8299560546875,19127259,15.1,1715059398153,1728608,False,False
49,Igniter,1641.6600341796875,25691957,20.2,1715059398153,1728608,False,False
49,Desperate Salvation,1630.0,583555,0.5,1715059398153,1728608,False,False
49,Ultimate Skill: Taijutsu,1638.3299560546875,26094218,20.5,1715059398153,1728608,False,False
49,Full Moon Harvester,1633.3299560546875,20505917,16.1,1715059398153,1728608,True,False
50,Order of the Emperor,1632.5,21823746,15.0,1715142914541,1519279,False,False
50,Desperate Salvation,1630.8299560546875,591374,0.4,1715142914541,1519279,False,False
50,Master Summoner,1634.1600341796875,27089833,18.7,1715142914541,1519279,False,False
50,Pinnacle,1633.3299560546875,23584847,16.2,1715142914541,1519279,False,False
50,Combat Readiness,1635.0,17246456,11.9,1715142914541,1519279,False,False
50,Blessed Aura,1633.3299560546875,596687,0.4,1715142914541,1519279,False,False
50,Shock Training,1633.3299560546875,28100187,19.4,1715142914541,1519279,False,False
50,Esoteric Skill Enhancement,1630.8299560546875,26179773,18.0,1715142914541,1519279,False,False
51,Empress's Grace,1630.0,27481498,18.4,1715129522619,1460841,False,False
51,Desperate Salvation,1634.1600341796875,593531,0.4,1715129522619,1460841,False,False
51,Desperate Salvation,1633.3299560546875,585250,0.4,1715129522619,1460841,False,False
51,Asura's Path,1635.0,24504678,16.4,1715129522619,1460841,False,False
51,Enhanced Weapon,1633.3299560546875,27581875,18.4,1715129522619,1460841,False,False
51,Enhanced Weapon,1634.1600341796875,14533058,9.7,1715129522619,1460841,True,False
51,Surge,1633.3299560546875,26184579,17.5,1715129522619,1460841,False,False
51,Igniter,1635.0,28115296,18.8,1715129522619,1460841,False,False
52,Empress's Grace,1632.5,28744419,19.2,1715127754614,1487764,False,False
52,Surge,1631.6600341796875,23383186,15.6,1715127754614,1487764,False,False
52,Pinnacle,1630.0,13249579,8.9,1715127754614,1487764,True,False
52,Blessed Aura,1630.8299560546875,645589,0.4,1715127754614,1487764,False,False
52,Blessed Aura,1632.5,525323,0.4,1715127754614,1487764,False,False
52,Ultimate Skill: Taijutsu,1645.0,22826225,15.3,1715127754614,1487764,False,False
52,Death Strike,1655.0,36979200,24.7,1715127754614,1487764,False,False
52,Esoteric Skill Enhancement,1630.0,23158193,15.5,1715127754614,1487764,False,False
53,Empress's Grace,1640.8299560546875,23194291,16.2,1715115955826,1557804,False,False
53,Blessed Aura,1630.0,572400,0.4,1715115955826,1557804,False,False
53,Desperate Salvation,1633.3299560546875,610157,0.4,1715115955826,1557804,False,False
53,Order of the Emperor,1635.0,26101478,18.2,1715115955826,1557804,False,False
53,Peacemaker,1630.0,22226571,15.5,1715115955826,1557804,False,False
53,Lone Knight,1635.0,19302224,13.4,1715115955826,1557804,False,False
53,Asura's Path,1640.0,27763787,19.3,1715115955826,1557804,False,False
53,Predator,1645.0,23781646,16.6,1715115955826,1557804,False,False
54,Desperate Salvation,1632.5,788474,0.6,1715113105018,1522569,False,False
54,Desperate Salvation,1633.3299560546875,729308,0.5,1715113105018,1522569,True,False
54,Berserker's Technique,1638.3299560546875,24400502,17.0,1715113105018,1522569,False,False
54,Surge,1630.8299560546875,25082550,17.5,1715113105018,1522569,False,False
54,Perfect Suppression,1641.6600341796875,18146659,12.7,1715113105018,1522569,True,False
54,Punisher,1648.3299560546875,34691283,24.2,1715113105018,1522569,False,False
54,Predator,1633.3299560546875,23124742,16.1,1715113105018,1522569,False,False
54,Esoteric Skill Enhancement,1630.0,16389121,11.4,1715113105018,1522569,True,False
55,Order of the Emperor,1633.3299560546875,20177297,14.1,1715110513740,1546955,True,False
55,Full Bloom,1632.5,611175,0.4,1715110513740,1546955,False,False
55,Desperate Salvation,1633.3299560546875,628024,0.4,1715110513740,1546955,False,False
55,Asura's Path,1633.3299560546875,29327348,20.5,1715110513740,1546955,False,False
55,Pinnacle,1640.0,22787766,15.9,1715110513740,1546955,False,False
55,Igniter,1630.0,23278655,16.3,1715110513740,1546955,False,False
55,Energy Overflow,1634.1600341796875,23574978,16.5,1715110513740,1546955,False,False
55,Energy Overflow,1633.3299560546875,22860024,16.0,1715110513740,1546955,False,False
56,Desperate Salvation,1637.5,628588,0.5,1715105694881,1581572,False,False
56,Surge,1637.5,30030956,21.7,1715105694881,1581572,False,False
56,Esoteric Skill Enhancement,1633.3299560546875,26821533,19.3,1715105694881,1581572,False,False
56,Combat Readiness,1635.0,17058365,12.3,1715105694881,1581572,False,False
56,Peacemaker,1635.0,20537931,14.8,1715105694881,1581572,False,False
56,Blessed Aura,1632.5,569306,0.4,1715105694881,1581572,False,False
56,Full Moon Harvester,1634.1600341796875,26121851,18.8,1715105694881,1581572,False,False
56,Deathblow,1633.3299560546875,16854517,12.2,1715105694881,1581572,True,False
57,Asura's Path,1630.0,29506847,23.0,1715097176550,1712099,False,True
57,Blessed Aura,1630.0,187309,0.1,1715097176550,1712099,False,True
57,Predator,1633.3299560546875,23505986,18.3,1715097176550,1712099,False,True
57,Lone Knight,1630.0,21983580,17.1,1715097176550,1712099,True,True
57,Predator,1630.0,27971731,21.8,1715097176550,1712099,False,True
57,Night's Edge,1631.6600341796875,24405056,19.0,1715097176550,1712099,False,True
57,Desperate Salvation,1633.3299560546875,703182,0.5,1715097176550,1712099,False,True
